Geo ID,County
37001020100,Alamance
37001020200,Alamance
37001020301,Alamance
37001020302,Alamance
37001020400,Alamance
37001020501,Alamance
37001020502,Alamance
37001020601,Alamance
37001020602,Alamance
37001020701,Alamance
37001020702,Alamance
37001020801,Alamance
37001020802,Alamance
37001020901,Alamance
37001020902,Alamance
37001021000,Alamance
37001021101,Alamance
37001021102,Alamance
37001021201,Alamance
37001021204,Alamance
37001021205,Alamance
37001021206,Alamance
37001021207,Alamance
37001021300,Alamance
37001021400,Alamance
37001021500,Alamance
37001021600,Alamance
37001021701,Alamance
37001021702,Alamance
37001021703,Alamance
37001021801,Alamance
37001021802,Alamance
37001021803,Alamance
37001021901,Alamance
37001021902,Alamance
37001022001,Alamance
37001022002,Alamance
37003040100,Alexander
37003040200,Alexander
37003040300,Alexander
37003040400,Alexander
37003040500,Alexander
37003040600,Alexander
37003040700,Alexander
37005950100,Alleghany
37005950200,Alleghany
37005950300,Alleghany
37007920100,Anson
37007920200,Anson
37007920301,Anson
37007920302,Anson
37007920400,Anson
37007920501,Anson
37007920502,Anson
37007920600,Anson
37007980000,Anson
37009970200,Ashe
37009970300,Ashe
37009970400,Ashe
37009970501,Ashe
37009970502,Ashe
37009970701,Ashe
37009970702,Ashe
37009970801,Ashe
37009970802,Ashe
37011930100,Avery
37011930200,Avery
37011930301,Avery
37011930302,Avery
37011930400,Avery
37013930101,Beaufort
37013930102,Beaufort
37013930200,Beaufort
37013930300,Beaufort
37013930400,Beaufort
37013930501,Beaufort
37013930502,Beaufort
37013930600,Beaufort
37013930700,Beaufort
37013930800,Beaufort
37013930900,Beaufort
37013931001,Beaufort
37013931002,Beaufort
37015960100,Bertie
37015960200,Bertie
37015960300,Bertie
37015960401,Bertie
37015960402,Bertie
37017950101,Bladen
37017950102,Bladen
37017950200,Bladen
37017950301,Bladen
37017950302,Bladen
37017950401,Bladen
37017950402,Bladen
37017950501,Bladen
37017950502,Bladen
37017950601,Bladen
37017950602,Bladen
37019020101,Brunswick
37019020102,Brunswick
37019020105,Brunswick
37019020106,Brunswick
37019020107,Brunswick
37019020108,Brunswick
37019020201,Brunswick
37019020203,Brunswick
37019020204,Brunswick
37019020205,Brunswick
37019020206,Brunswick
37019020304,Brunswick
37019020305,Brunswick
37019020306,Brunswick
37019020307,Brunswick
37019020308,Brunswick
37019020311,Brunswick
37019020312,Brunswick
37019020313,Brunswick
37019020314,Brunswick
37019020315,Brunswick
37019020316,Brunswick
37019020404,Brunswick
37019020405,Brunswick
37019020406,Brunswick
37019020407,Brunswick
37019020408,Brunswick
37019020409,Brunswick
37019020504,Brunswick
37019020505,Brunswick
37019020508,Brunswick
37019020510,Brunswick
37019020511,Brunswick
37019020512,Brunswick
37019020513,Brunswick
37019020514,Brunswick
37019020515,Brunswick
37019020516,Brunswick
37019020517,Brunswick
37019020518,Brunswick
37019020601,Brunswick
37019020602,Brunswick
37019020603,Brunswick
37019990100,Brunswick
37021000100,Buncombe
37021000200,Buncombe
37021000300,Buncombe
37021000400,Buncombe
37021000500,Buncombe
37021000600,Buncombe
37021000700,Buncombe
37021000800,Buncombe
37021000900,Buncombe
37021001000,Buncombe
37021001100,Buncombe
37021001200,Buncombe
37021001300,Buncombe
37021001401,Buncombe
37021001402,Buncombe
37021001500,Buncombe
37021001601,Buncombe
37021001602,Buncombe
37021001700,Buncombe
37021001801,Buncombe
37021001802,Buncombe
37021001900,Buncombe
37021002000,Buncombe
37021002101,Buncombe
37021002102,Buncombe
37021002203,Buncombe
37021002204,Buncombe
37021002205,Buncombe
37021002206,Buncombe
37021002303,Buncombe
37021002304,Buncombe
37021002305,Buncombe
37021002306,Buncombe
37021002401,Buncombe
37021002402,Buncombe
37021002503,Buncombe
37021002504,Buncombe
37021002505,Buncombe
37021002506,Buncombe
37021002603,Buncombe
37021002604,Buncombe
37021002606,Buncombe
37021002607,Buncombe
37021002608,Buncombe
37021002609,Buncombe
37021002701,Buncombe
37021002702,Buncombe
37021002704,Buncombe
37021002705,Buncombe
37021002803,Buncombe
37021002804,Buncombe
37021002900,Buncombe
37021003002,Buncombe
37021003003,Buncombe
37021003004,Buncombe
37021003103,Buncombe
37021003105,Buncombe
37021003106,Buncombe
37021003107,Buncombe
37021003108,Buncombe
37021003201,Buncombe
37021003202,Buncombe
37021003203,Buncombe
37021003204,Buncombe
37021003205,Buncombe
37023020100,Burke
37023020202,Burke
37023020203,Burke
37023020204,Burke
37023020301,Burke
37023020303,Burke
37023020304,Burke
37023020500,Burke
37023020600,Burke
37023020801,Burke
37023020802,Burke
37023020901,Burke
37023020902,Burke
37023021000,Burke
37023021100,Burke
37023021201,Burke
37023021202,Burke
37023021203,Burke
37023021301,Burke
37023021302,Burke
37023021400,Burke
37025040501,Cabarrus
37025040502,Cabarrus
37025040600,Cabarrus
37025040701,Cabarrus
37025040703,Cabarrus
37025040704,Cabarrus
37025040705,Cabarrus
37025040800,Cabarrus
37025040900,Cabarrus
37025041001,Cabarrus
37025041002,Cabarrus
37025041100,Cabarrus
37025041201,Cabarrus
37025041202,Cabarrus
37025041301,Cabarrus
37025041304,Cabarrus
37025041305,Cabarrus
37025041306,Cabarrus
37025041307,Cabarrus
37025041503,Cabarrus
37025041504,Cabarrus
37025041505,Cabarrus
37025041506,Cabarrus
37025041507,Cabarrus
37025041602,Cabarrus
37025041603,Cabarrus
37025041604,Cabarrus
37025041701,Cabarrus
37025041702,Cabarrus
37025041901,Cabarrus
37025041902,Cabarrus
37025042000,Cabarrus
37025042101,Cabarrus
37025042102,Cabarrus
37025042201,Cabarrus
37025042202,Cabarrus
37025042300,Cabarrus
37025042401,Cabarrus
37025042402,Cabarrus
37025042501,Cabarrus
37025042502,Cabarrus
37025042503,Cabarrus
37025042504,Cabarrus
37025042601,Cabarrus
37025042602,Cabarrus
37025042603,Cabarrus
37025042604,Cabarrus
37027030100,Caldwell
37027030200,Caldwell
37027030300,Caldwell
37027030400,Caldwell
37027030500,Caldwell
37027030600,Caldwell
37027030700,Caldwell
37027030801,Caldwell
37027030802,Caldwell
37027030900,Caldwell
37027031000,Caldwell
37027031100,Caldwell
37027031201,Caldwell
37027031202,Caldwell
37027031301,Caldwell
37027031302,Caldwell
37027031401,Caldwell
37027031402,Caldwell
37027031403,Caldwell
37029950101,Camden
37029950102,Camden
37031970101,Carteret
37031970102,Carteret
37031970103,Carteret
37031970200,Carteret
37031970301,Carteret
37031970304,Carteret
37031970305,Carteret
37031970401,Carteret
37031970402,Carteret
37031970403,Carteret
37031970501,Carteret
37031970502,Carteret
37031970503,Carteret
37031970504,Carteret
37031970601,Carteret
37031970602,Carteret
37031970603,Carteret
37031970606,Carteret
37031970701,Carteret
37031970702,Carteret
37031970703,Carteret
37031970704,Carteret
37031970801,Carteret
37031970804,Carteret
37031970805,Carteret
37031970806,Carteret
37031970903,Carteret
37031970904,Carteret
37031971003,Carteret
37031971103,Carteret
37031980100,Carteret
37031990100,Carteret
37031990200,Carteret
37033930100,Caswell
37033930200,Caswell
37033930300,Caswell
37033930400,Caswell
37033930500,Caswell
37033930600,Caswell
37035010101,Catawba
37035010102,Catawba
37035010201,Catawba
37035010203,Catawba
37035010204,Catawba
37035010301,Catawba
37035010302,Catawba
37035010303,Catawba
37035010304,Catawba
37035010402,Catawba
37035010403,Catawba
37035010404,Catawba
37035010501,Catawba
37035010502,Catawba
37035010600,Catawba
37035010700,Catawba
37035010900,Catawba
37035011000,Catawba
37035011101,Catawba
37035011102,Catawba
37035011200,Catawba
37035011300,Catawba
37035011401,Catawba
37035011402,Catawba
37035011501,Catawba
37035011503,Catawba
37035011505,Catawba
37035011506,Catawba
37035011601,Catawba
37035011602,Catawba
37035011701,Catawba
37035011702,Catawba
37035011801,Catawba
37035011802,Catawba
37037020103,Chatham
37037020104,Chatham
37037020105,Chatham
37037020107,Chatham
37037020108,Chatham
37037020201,Chatham
37037020202,Chatham
37037020203,Chatham
37037020300,Chatham
37037020401,Chatham
37037020402,Chatham
37037020500,Chatham
37037020600,Chatham
37037020702,Chatham
37037020703,Chatham
37037020704,Chatham
37037020801,Chatham
37037020802,Chatham
37037020803,Chatham
37039930101,Cherokee
37039930102,Cherokee
37039930200,Cherokee
37039930300,Cherokee
37039930401,Cherokee
37039930402,Cherokee
37039930501,Cherokee
37039930502,Cherokee
37039930603,Cherokee
37039930604,Cherokee
37039930605,Cherokee
37039930606,Cherokee
37041930101,Chowan
37041930102,Chowan
37041930201,Chowan
37041930202,Chowan
37043950101,Clay
37043950102,Clay
37043950201,Clay
37043950202,Clay
37045950101,Cleveland
37045950102,Cleveland
37045950200,Cleveland
37045950301,Cleveland
37045950302,Cleveland
37045950400,Cleveland
37045950500,Cleveland
37045950601,Cleveland
37045950603,Cleveland
37045950604,Cleveland
37045950701,Cleveland
37045950702,Cleveland
37045950800,Cleveland
37045950900,Cleveland
37045951000,Cleveland
37045951100,Cleveland
37045951200,Cleveland
37045951300,Cleveland
37045951400,Cleveland
37045951501,Cleveland
37045951502,Cleveland
37045951503,Cleveland
37045951601,Cleveland
37045951602,Cleveland
37047930100,Columbus
37047930200,Columbus
37047930300,Columbus
37047930400,Columbus
37047930500,Columbus
37047930600,Columbus
37047930700,Columbus
37047930800,Columbus
37047930900,Columbus
37047931000,Columbus
37047931100,Columbus
37047931201,Columbus
37047931202,Columbus
37047931301,Columbus
37047931302,Columbus
37049960101,Craven
37049960102,Craven
37049960201,Craven
37049960202,Craven
37049960301,Craven
37049960302,Craven
37049960401,Craven
37049960402,Craven
37049960403,Craven
37049960404,Craven
37049960501,Craven
37049960502,Craven
37049960600,Craven
37049960700,Craven
37049960800,Craven
37049960900,Craven
37049961002,Craven
37049961003,Craven
37049961004,Craven
37049961101,Craven
37049961102,Craven
37049961201,Craven
37049961202,Craven
37049961301,Craven
37049961302,Craven
37049961303,Craven
37051000200,Cumberland
37051000500,Cumberland
37051000600,Cumberland
37051000701,Cumberland
37051000702,Cumberland
37051000800,Cumberland
37051000900,Cumberland
37051001000,Cumberland
37051001100,Cumberland
37051001200,Cumberland
37051001401,Cumberland
37051001402,Cumberland
37051001500,Cumberland
37051001603,Cumberland
37051001604,Cumberland
37051001605,Cumberland
37051001606,Cumberland
37051001701,Cumberland
37051001702,Cumberland
37051001800,Cumberland
37051001901,Cumberland
37051001902,Cumberland
37051001903,Cumberland
37051002001,Cumberland
37051002002,Cumberland
37051002100,Cumberland
37051002200,Cumberland
37051002301,Cumberland
37051002302,Cumberland
37051002401,Cumberland
37051002402,Cumberland
37051002501,Cumberland
37051002503,Cumberland
37051002504,Cumberland
37051002505,Cumberland
37051002506,Cumberland
37051002600,Cumberland
37051002701,Cumberland
37051002702,Cumberland
37051002801,Cumberland
37051002802,Cumberland
37051002900,Cumberland
37051003002,Cumberland
37051003003,Cumberland
37051003004,Cumberland
37051003102,Cumberland
37051003103,Cumberland
37051003105,Cumberland
37051003106,Cumberland
37051003203,Cumberland
37051003205,Cumberland
37051003206,Cumberland
37051003207,Cumberland
37051003208,Cumberland
37051003209,Cumberland
37051003302,Cumberland
37051003304,Cumberland
37051003307,Cumberland
37051003310,Cumberland
37051003311,Cumberland
37051003312,Cumberland
37051003313,Cumberland
37051003314,Cumberland
37051003315,Cumberland
37051003316,Cumberland
37051003317,Cumberland
37051003318,Cumberland
37051003401,Cumberland
37051003403,Cumberland
37051003404,Cumberland
37051003408,Cumberland
37051003409,Cumberland
37051003410,Cumberland
37051003501,Cumberland
37051003502,Cumberland
37051003601,Cumberland
37051003602,Cumberland
37051003700,Cumberland
37051003800,Cumberland
37051980100,Cumberland
37051980200,Cumberland
37053110101,Currituck
37053110102,Currituck
37053110201,Currituck
37053110202,Currituck
37053110301,Currituck
37053110302,Currituck
37053110401,Currituck
37053110403,Currituck
37053110404,Currituck
37053990100,Currituck
37055970101,Dare
37055970102,Dare
37055970200,Dare
37055970301,Dare
37055970302,Dare
37055970400,Dare
37055970501,Dare
37055970502,Dare
37055970601,Dare
37055970602,Dare
37055990100,Dare
37055990200,Dare
37057060101,Davidson
37057060103,Davidson
37057060104,Davidson
37057060201,Davidson
37057060202,Davidson
37057060203,Davidson
37057060301,Davidson
37057060302,Davidson
37057060303,Davidson
37057060304,Davidson
37057060400,Davidson
37057060500,Davidson
37057060601,Davidson
37057060602,Davidson
37057060700,Davidson
37057060800,Davidson
37057060900,Davidson
37057061000,Davidson
37057061101,Davidson
37057061102,Davidson
37057061202,Davidson
37057061203,Davidson
37057061204,Davidson
37057061300,Davidson
37057061400,Davidson
37057061501,Davidson
37057061502,Davidson
37057061600,Davidson
37057061701,Davidson
37057061703,Davidson
37057061704,Davidson
37057061705,Davidson
37057061803,Davidson
37057061805,Davidson
37057061806,Davidson
37057061807,Davidson
37057061808,Davidson
37057061902,Davidson
37057061903,Davidson
37057061904,Davidson
37057062001,Davidson
37057062002,Davidson
37059080101,Davie
37059080102,Davie
37059080200,Davie
37059080301,Davie
37059080302,Davie
37059080400,Davie
37059080500,Davie
37059080600,Davie
37059080701,Davie
37059080702,Davie
37061090101,Duplin
37061090102,Duplin
37061090103,Duplin
37061090201,Duplin
37061090202,Duplin
37061090301,Duplin
37061090302,Duplin
37061090401,Duplin
37061090402,Duplin
37061090503,Duplin
37061090504,Duplin
37061090505,Duplin
37061090506,Duplin
37061090600,Duplin
37061090703,Duplin
37061090704,Duplin
37061090705,Duplin
37061090706,Duplin
37061090801,Duplin
37061090803,Duplin
37061090804,Duplin
37063000101,Durham
37063000102,Durham
37063000200,Durham
37063000301,Durham
37063000302,Durham
37063000401,Durham
37063000402,Durham
37063000500,Durham
37063000600,Durham
37063000700,Durham
37063000900,Durham
37063001001,Durham
37063001002,Durham
37063001100,Durham
37063001301,Durham
37063001303,Durham
37063001304,Durham
37063001400,Durham
37063001501,Durham
37063001503,Durham
37063001504,Durham
37063001505,Durham
37063001601,Durham
37063001603,Durham
37063001604,Durham
37063001705,Durham
37063001706,Durham
37063001708,Durham
37063001709,Durham
37063001710,Durham
37063001711,Durham
37063001712,Durham
37063001713,Durham
37063001801,Durham
37063001802,Durham
37063001806,Durham
37063001808,Durham
37063001809,Durham
37063001810,Durham
37063001811,Durham
37063001900,Durham
37063002007,Durham
37063002008,Durham
37063002009,Durham
37063002013,Durham
37063002015,Durham
37063002019,Durham
37063002020,Durham
37063002021,Durham
37063002022,Durham
37063002023,Durham
37063002024,Durham
37063002025,Durham
37063002026,Durham
37063002029,Durham
37063002030,Durham
37063002031,Durham
37063002032,Durham
37063002033,Durham
37063002034,Durham
37063002035,Durham
37063002036,Durham
37063002037,Durham
37063002038,Durham
37063002100,Durham
37063002200,Durham
37063002300,Durham
37063980100,Durham
37065020200,Edgecombe
37065020300,Edgecombe
37065020400,Edgecombe
37065020600,Edgecombe
37065020700,Edgecombe
37065020800,Edgecombe
37065020900,Edgecombe
37065021000,Edgecombe
37065021100,Edgecombe
37065021200,Edgecombe
37065021300,Edgecombe
37065021400,Edgecombe
37065021500,Edgecombe
37065021600,Edgecombe
37067000100,Forsyth
37067000200,Forsyth
37067000301,Forsyth
37067000302,Forsyth
37067000400,Forsyth
37067000500,Forsyth
37067000600,Forsyth
37067000700,Forsyth
37067000801,Forsyth
37067000802,Forsyth
37067000900,Forsyth
37067001000,Forsyth
37067001100,Forsyth
37067001200,Forsyth
37067001300,Forsyth
37067001400,Forsyth
37067001500,Forsyth
37067001601,Forsyth
37067001602,Forsyth
37067001700,Forsyth
37067001800,Forsyth
37067001901,Forsyth
37067001902,Forsyth
37067002001,Forsyth
37067002002,Forsyth
37067002100,Forsyth
37067002200,Forsyth
37067002501,Forsyth
37067002502,Forsyth
37067002601,Forsyth
37067002604,Forsyth
37067002605,Forsyth
37067002606,Forsyth
37067002701,Forsyth
37067002702,Forsyth
37067002704,Forsyth
37067002705,Forsyth
37067002801,Forsyth
37067002804,Forsyth
37067002806,Forsyth
37067002807,Forsyth
37067002808,Forsyth
37067002809,Forsyth
37067002901,Forsyth
37067002903,Forsyth
37067002904,Forsyth
37067003002,Forsyth
37067003003,Forsyth
37067003004,Forsyth
37067003103,Forsyth
37067003105,Forsyth
37067003106,Forsyth
37067003107,Forsyth
37067003108,Forsyth
37067003201,Forsyth
37067003202,Forsyth
37067003307,Forsyth
37067003308,Forsyth
37067003309,Forsyth
37067003310,Forsyth
37067003311,Forsyth
37067003312,Forsyth
37067003313,Forsyth
37067003314,Forsyth
37067003315,Forsyth
37067003402,Forsyth
37067003403,Forsyth
37067003404,Forsyth
37067003500,Forsyth
37067003600,Forsyth
37067003701,Forsyth
37067003702,Forsyth
37067003703,Forsyth
37067003803,Forsyth
37067003804,Forsyth
37067003805,Forsyth
37067003806,Forsyth
37067003903,Forsyth
37067003904,Forsyth
37067003905,Forsyth
37067003906,Forsyth
37067003908,Forsyth
37067003909,Forsyth
37067004005,Forsyth
37067004007,Forsyth
37067004009,Forsyth
37067004010,Forsyth
37067004011,Forsyth
37067004012,Forsyth
37067004013,Forsyth
37067004014,Forsyth
37067004015,Forsyth
37067004102,Forsyth
37067004103,Forsyth
37067004104,Forsyth
37069060100,Franklin
37069060200,Franklin
37069060301,Franklin
37069060302,Franklin
37069060401,Franklin
37069060403,Franklin
37069060404,Franklin
37069060501,Franklin
37069060502,Franklin
37069060601,Franklin
37069060602,Franklin
37069060701,Franklin
37069060702,Franklin
37069060703,Franklin
37069060801,Franklin
37069060802,Franklin
37071030103,Gaston
37071030104,Gaston
37071030105,Gaston
37071030106,Gaston
37071030205,Gaston
37071030206,Gaston
37071030207,Gaston
37071030208,Gaston
37071030209,Gaston
37071030301,Gaston
37071030302,Gaston
37071030401,Gaston
37071030403,Gaston
37071030404,Gaston
37071030501,Gaston
37071030503,Gaston
37071030504,Gaston
37071030601,Gaston
37071030602,Gaston
37071030700,Gaston
37071030801,Gaston
37071030802,Gaston
37071030901,Gaston
37071030902,Gaston
37071031001,Gaston
37071031004,Gaston
37071031005,Gaston
37071031006,Gaston
37071031101,Gaston
37071031102,Gaston
37071031202,Gaston
37071031203,Gaston
37071031204,Gaston
37071031301,Gaston
37071031303,Gaston
37071031304,Gaston
37071031401,Gaston
37071031402,Gaston
37071031500,Gaston
37071031600,Gaston
37071031703,Gaston
37071031704,Gaston
37071031705,Gaston
37071031706,Gaston
37071031800,Gaston
37071031901,Gaston
37071031902,Gaston
37071032000,Gaston
37071032100,Gaston
37071032201,Gaston
37071032202,Gaston
37071032301,Gaston
37071032302,Gaston
37071032403,Gaston
37071032404,Gaston
37071032405,Gaston
37071032406,Gaston
37071032505,Gaston
37071032506,Gaston
37071032507,Gaston
37071032508,Gaston
37071032509,Gaston
37071032510,Gaston
37071032600,Gaston
37071032702,Gaston
37071032703,Gaston
37071032704,Gaston
37071032801,Gaston
37071032802,Gaston
37071032900,Gaston
37071033100,Gaston
37071033202,Gaston
37071033203,Gaston
37071033204,Gaston
37071033303,Gaston
37071033306,Gaston
37071033308,Gaston
37071033309,Gaston
37071033310,Gaston
37071033311,Gaston
37071033312,Gaston
37071033313,Gaston
37071033400,Gaston
37071033501,Gaston
37071033502,Gaston
37073970100,Gates
37073970200,Gates
37073970300,Gates
37075920100,Graham
37075920200,Graham
37075920300,Graham
37077970101,Granville
37077970102,Granville
37077970200,Granville
37077970300,Granville
37077970400,Granville
37077970500,Granville
37077970601,Granville
37077970604,Granville
37077970605,Granville
37077970606,Granville
37077970607,Granville
37077970701,Granville
37077970702,Granville
37077970703,Granville
37077970704,Granville
37079950101,Greene
37079950102,Greene
37079950200,Greene
37079950301,Greene
37079950302,Greene
37081010100,Guilford
37081010200,Guilford
37081010300,Guilford
37081010401,Guilford
37081010403,Guilford
37081010404,Guilford
37081010500,Guilford
37081010601,Guilford
37081010602,Guilford
37081010701,Guilford
37081010702,Guilford
37081010800,Guilford
37081010900,Guilford
37081011000,Guilford
37081011101,Guilford
37081011102,Guilford
37081011201,Guilford
37081011202,Guilford
37081011300,Guilford
37081011400,Guilford
37081011500,Guilford
37081011601,Guilford
37081011602,Guilford
37081011904,Guilford
37081011905,Guilford
37081012503,Guilford
37081012504,Guilford
37081012505,Guilford
37081012508,Guilford
37081012509,Guilford
37081012510,Guilford
37081012511,Guilford
37081012604,Guilford
37081012607,Guilford
37081012608,Guilford
37081012610,Guilford
37081012611,Guilford
37081012612,Guilford
37081012617,Guilford
37081012618,Guilford
37081012619,Guilford
37081012620,Guilford
37081012621,Guilford
37081012703,Guilford
37081012704,Guilford
37081012705,Guilford
37081012706,Guilford
37081012707,Guilford
37081012803,Guilford
37081012804,Guilford
37081012805,Guilford
37081013601,Guilford
37081013602,Guilford
37081013700,Guilford
37081013800,Guilford
37081013900,Guilford
37081014000,Guilford
37081014200,Guilford
37081014300,Guilford
37081014406,Guilford
37081014407,Guilford
37081014408,Guilford
37081014409,Guilford
37081014410,Guilford
37081014411,Guilford
37081014412,Guilford
37081014501,Guilford
37081014502,Guilford
37081014503,Guilford
37081015100,Guilford
37081015201,Guilford
37081015202,Guilford
37081015301,Guilford
37081015302,Guilford
37081015401,Guilford
37081015402,Guilford
37081015500,Guilford
37081015601,Guilford
37081015602,Guilford
37081015703,Guilford
37081015704,Guilford
37081015705,Guilford
37081015706,Guilford
37081015707,Guilford
37081015800,Guilford
37081015901,Guilford
37081015902,Guilford
37081016003,Guilford
37081016005,Guilford
37081016006,Guilford
37081016007,Guilford
37081016008,Guilford
37081016009,Guilford
37081016010,Guilford
37081016011,Guilford
37081016101,Guilford
37081016102,Guilford
37081016103,Guilford
37081016201,Guilford
37081016203,Guilford
37081016204,Guilford
37081016205,Guilford
37081016303,Guilford
37081016304,Guilford
37081016305,Guilford
37081016306,Guilford
37081016405,Guilford
37081016406,Guilford
37081016407,Guilford
37081016408,Guilford
37081016409,Guilford
37081016410,Guilford
37081016502,Guilford
37081016503,Guilford
37081016505,Guilford
37081016506,Guilford
37081016600,Guilford
37081016701,Guilford
37081016702,Guilford
37081016800,Guilford
37081016900,Guilford
37081017000,Guilford
37081017101,Guilford
37081017102,Guilford
37081017200,Guilford
37081980100,Guilford
37083930100,Halifax
37083930200,Halifax
37083930300,Halifax
37083930400,Halifax
37083930501,Halifax
37083930503,Halifax
37083930504,Halifax
37083930600,Halifax
37083930701,Halifax
37083930702,Halifax
37083930800,Halifax
37083930901,Halifax
37083930902,Halifax
37083931000,Halifax
37083931101,Halifax
37083931102,Halifax
37085070100,Harnett
37085070200,Harnett
37085070300,Harnett
37085070401,Harnett
37085070402,Harnett
37085070500,Harnett
37085070600,Harnett
37085070700,Harnett
37085070801,Harnett
37085070802,Harnett
37085070901,Harnett
37085070902,Harnett
37085070903,Harnett
37085070904,Harnett
37085071002,Harnett
37085071003,Harnett
37085071004,Harnett
37085071101,Harnett
37085071102,Harnett
37085071201,Harnett
37085071202,Harnett
37085071203,Harnett
37085071204,Harnett
37085071301,Harnett
37085071302,Harnett
37085071303,Harnett
37085071401,Harnett
37085071402,Harnett
37087920101,Haywood
37087920102,Haywood
37087920201,Haywood
37087920202,Haywood
37087920300,Haywood
37087920400,Haywood
37087920501,Haywood
37087920502,Haywood
37087920601,Haywood
37087920602,Haywood
37087920701,Haywood
37087920702,Haywood
37087920800,Haywood
37087920900,Haywood
37087921000,Haywood
37087921100,Haywood
37087921201,Haywood
37087921202,Haywood
37087921301,Haywood
37087921302,Haywood
37087980100,Haywood
37089930100,Henderson
37089930201,Henderson
37089930202,Henderson
37089930301,Henderson
37089930302,Henderson
37089930401,Henderson
37089930402,Henderson
37089930501,Henderson
37089930502,Henderson
37089930600,Henderson
37089930701,Henderson
37089930702,Henderson
37089930703,Henderson
37089930800,Henderson
37089930900,Henderson
37089931000,Henderson
37089931100,Henderson
37089931200,Henderson
37089931300,Henderson
37089931401,Henderson
37089931402,Henderson
37089931500,Henderson
37089931600,Henderson
37089931700,Henderson
37089931801,Henderson
37089931802,Henderson
37089931901,Henderson
37089931902,Henderson
37089932000,Henderson
37089980100,Henderson
37091950101,Hertford
37091950102,Hertford
37091950201,Hertford
37091950202,Hertford
37091950300,Hertford
37091950401,Hertford
37091950402,Hertford
37091980000,Hertford
37093970104,Hoke
37093970105,Hoke
37093970106,Hoke
37093970107,Hoke
37093970108,Hoke
37093970109,Hoke
37093970201,Hoke
37093970202,Hoke
37093970300,Hoke
37093970401,Hoke
37093970402,Hoke
37093980100,Hoke
37095920101,Hyde
37095920102,Hyde
37095990100,Hyde
37095990200,Hyde
37097060100,Iredell
37097060200,Iredell
37097060300,Iredell
37097060400,Iredell
37097060500,Iredell
37097060601,Iredell
37097060602,Iredell
37097060603,Iredell
37097060701,Iredell
37097060702,Iredell
37097060703,Iredell
37097060801,Iredell
37097060802,Iredell
37097060901,Iredell
37097060902,Iredell
37097061001,Iredell
37097061002,Iredell
37097061003,Iredell
37097061101,Iredell
37097061102,Iredell
37097061103,Iredell
37097061104,Iredell
37097061201,Iredell
37097061202,Iredell
37097061203,Iredell
37097061204,Iredell
37097061205,Iredell
37097061301,Iredell
37097061302,Iredell
37097061303,Iredell
37097061304,Iredell
37097061401,Iredell
37097061402,Iredell
37097061403,Iredell
37097061404,Iredell
37097061405,Iredell
37097061406,Iredell
37097061407,Iredell
37097061408,Iredell
37097061501,Iredell
37097061502,Iredell
37097061503,Iredell
37097061601,Iredell
37097061603,Iredell
37097061604,Iredell
37097061605,Iredell
37099940200,Jackson
37099950200,Jackson
37099950300,Jackson
37099950400,Jackson
37099950500,Jackson
37099950600,Jackson
37099950700,Jackson
37099950800,Jackson
37099950900,Jackson
37101040101,Johnston
37101040102,Johnston
37101040103,Johnston
37101040204,Johnston
37101040205,Johnston
37101040206,Johnston
37101040207,Johnston
37101040208,Johnston
37101040209,Johnston
37101040210,Johnston
37101040301,Johnston
37101040303,Johnston
37101040304,Johnston
37101040400,Johnston
37101040501,Johnston
37101040502,Johnston
37101040600,Johnston
37101040700,Johnston
37101040800,Johnston
37101040903,Johnston
37101040904,Johnston
37101040905,Johnston
37101040906,Johnston
37101041001,Johnston
37101041003,Johnston
37101041004,Johnston
37101041005,Johnston
37101041104,Johnston
37101041105,Johnston
37101041106,Johnston
37101041107,Johnston
37101041108,Johnston
37101041109,Johnston
37101041110,Johnston
37101041111,Johnston
37101041112,Johnston
37101041113,Johnston
37101041203,Johnston
37101041204,Johnston
37101041205,Johnston
37101041206,Johnston
37101041301,Johnston
37101041302,Johnston
37101041401,Johnston
37101041402,Johnston
37101041504,Johnston
37101041505,Johnston
37101041506,Johnston
37101041507,Johnston
37101041508,Johnston
37101041509,Johnston
37101041510,Johnston
37101041511,Johnston
37103920100,Jones
37103920200,Jones
37103920300,Jones
37105030101,Lee
37105030102,Lee
37105030200,Lee
37105030300,Lee
37105030401,Lee
37105030402,Lee
37105030502,Lee
37105030504,Lee
37105030505,Lee
37105030506,Lee
37105030507,Lee
37105030601,Lee
37105030602,Lee
37105030702,Lee
37105030703,Lee
37105030704,Lee
37107010100,Lenoir
37107010200,Lenoir
37107010300,Lenoir
37107010400,Lenoir
37107010500,Lenoir
37107010600,Lenoir
37107010700,Lenoir
37107010800,Lenoir
37107010900,Lenoir
37107011001,Lenoir
37107011002,Lenoir
37107011100,Lenoir
37107011201,Lenoir
37107011202,Lenoir
37107011301,Lenoir
37107011302,Lenoir
37107011400,Lenoir
37109070100,Lincoln
37109070201,Lincoln
37109070202,Lincoln
37109070300,Lincoln
37109070400,Lincoln
37109070500,Lincoln
37109070600,Lincoln
37109070700,Lincoln
37109070800,Lincoln
37109070901,Lincoln
37109070902,Lincoln
37109071001,Lincoln
37109071002,Lincoln
37109071101,Lincoln
37109071102,Lincoln
37109071201,Lincoln
37109071202,Lincoln
37109071203,Lincoln
37111970101,McDowell
37111970102,McDowell
37111970200,McDowell
37111970300,McDowell
37111970400,McDowell
37111970500,McDowell
37111970600,McDowell
37111970700,McDowell
37111970800,McDowell
37111970902,McDowell
37111970903,McDowell
37111970904,McDowell
37113970100,Macon
37113970200,Macon
37113970302,Macon
37113970303,Macon
37113970304,Macon
37113970400,Macon
37113970501,Macon
37113970502,Macon
37113970600,Macon
37113970700,Macon
37115010100,Madison
37115010200,Madison
37115010400,Madison
37115010500,Madison
37115010601,Madison
37115010602,Madison
37115010700,Madison
37117970100,Martin
37117970200,Martin
37117970300,Martin
37117970400,Martin
37117970500,Martin
37117970600,Martin
37119000101,Mecklenburg
37119000102,Mecklenburg
37119000103,Mecklenburg
37119000104,Mecklenburg
37119000301,Mecklenburg
37119000302,Mecklenburg
37119000401,Mecklenburg
37119000402,Mecklenburg
37119000501,Mecklenburg
37119000502,Mecklenburg
37119000503,Mecklenburg
37119000600,Mecklenburg
37119000700,Mecklenburg
37119000800,Mecklenburg
37119000900,Mecklenburg
37119001000,Mecklenburg
37119001100,Mecklenburg
37119001200,Mecklenburg
37119001300,Mecklenburg
37119001400,Mecklenburg
37119001504,Mecklenburg
37119001505,Mecklenburg
37119001507,Mecklenburg
37119001508,Mecklenburg
37119001509,Mecklenburg
37119001510,Mecklenburg
37119001603,Mecklenburg
37119001605,Mecklenburg
37119001606,Mecklenburg
37119001607,Mecklenburg
37119001608,Mecklenburg
37119001609,Mecklenburg
37119001701,Mecklenburg
37119001702,Mecklenburg
37119001801,Mecklenburg
37119001802,Mecklenburg
37119001910,Mecklenburg
37119001911,Mecklenburg
37119001914,Mecklenburg
37119001916,Mecklenburg
37119001917,Mecklenburg
37119001918,Mecklenburg
37119001919,Mecklenburg
37119001920,Mecklenburg
37119001921,Mecklenburg
37119001922,Mecklenburg
37119001923,Mecklenburg
37119001924,Mecklenburg
37119001925,Mecklenburg
37119001926,Mecklenburg
37119001927,Mecklenburg
37119002004,Mecklenburg
37119002005,Mecklenburg
37119002006,Mecklenburg
37119002007,Mecklenburg
37119002008,Mecklenburg
37119002100,Mecklenburg
37119002201,Mecklenburg
37119002202,Mecklenburg
37119002300,Mecklenburg
37119002400,Mecklenburg
37119002500,Mecklenburg
37119002600,Mecklenburg
37119002701,Mecklenburg
37119002702,Mecklenburg
37119002800,Mecklenburg
37119002903,Mecklenburg
37119002905,Mecklenburg
37119002907,Mecklenburg
37119002908,Mecklenburg
37119002909,Mecklenburg
37119002910,Mecklenburg
37119003006,Mecklenburg
37119003008,Mecklenburg
37119003012,Mecklenburg
37119003013,Mecklenburg
37119003015,Mecklenburg
37119003016,Mecklenburg
37119003017,Mecklenburg
37119003018,Mecklenburg
37119003019,Mecklenburg
37119003020,Mecklenburg
37119003021,Mecklenburg
37119003022,Mecklenburg
37119003102,Mecklenburg
37119003105,Mecklenburg
37119003106,Mecklenburg
37119003108,Mecklenburg
37119003109,Mecklenburg
37119003110,Mecklenburg
37119003111,Mecklenburg
37119003201,Mecklenburg
37119003203,Mecklenburg
37119003204,Mecklenburg
37119003301,Mecklenburg
37119003302,Mecklenburg
37119003401,Mecklenburg
37119003402,Mecklenburg
37119003500,Mecklenburg
37119003600,Mecklenburg
37119003701,Mecklenburg
37119003702,Mecklenburg
37119003802,Mecklenburg
37119003805,Mecklenburg
37119003807,Mecklenburg
37119003808,Mecklenburg
37119003809,Mecklenburg
37119003810,Mecklenburg
37119003811,Mecklenburg
37119003902,Mecklenburg
37119003903,Mecklenburg
37119004000,Mecklenburg
37119004101,Mecklenburg
37119004102,Mecklenburg
37119004200,Mecklenburg
37119004302,Mecklenburg
37119004303,Mecklenburg
37119004304,Mecklenburg
37119004306,Mecklenburg
37119004307,Mecklenburg
37119004400,Mecklenburg
37119004500,Mecklenburg
37119004600,Mecklenburg
37119004700,Mecklenburg
37119004800,Mecklenburg
37119004900,Mecklenburg
37119005000,Mecklenburg
37119005100,Mecklenburg
37119005200,Mecklenburg
37119005301,Mecklenburg
37119005305,Mecklenburg
37119005306,Mecklenburg
37119005307,Mecklenburg
37119005308,Mecklenburg
37119005403,Mecklenburg
37119005404,Mecklenburg
37119005405,Mecklenburg
37119005406,Mecklenburg
37119005508,Mecklenburg
37119005510,Mecklenburg
37119005511,Mecklenburg
37119005512,Mecklenburg
37119005513,Mecklenburg
37119005515,Mecklenburg
37119005516,Mecklenburg
37119005517,Mecklenburg
37119005519,Mecklenburg
37119005520,Mecklenburg
37119005522,Mecklenburg
37119005525,Mecklenburg
37119005526,Mecklenburg
37119005527,Mecklenburg
37119005528,Mecklenburg
37119005529,Mecklenburg
37119005530,Mecklenburg
37119005531,Mecklenburg
37119005532,Mecklenburg
37119005533,Mecklenburg
37119005534,Mecklenburg
37119005535,Mecklenburg
37119005536,Mecklenburg
37119005604,Mecklenburg
37119005609,Mecklenburg
37119005610,Mecklenburg
37119005611,Mecklenburg
37119005612,Mecklenburg
37119005613,Mecklenburg
37119005615,Mecklenburg
37119005616,Mecklenburg
37119005617,Mecklenburg
37119005618,Mecklenburg
37119005619,Mecklenburg
37119005621,Mecklenburg
37119005622,Mecklenburg
37119005623,Mecklenburg
37119005624,Mecklenburg
37119005625,Mecklenburg
37119005626,Mecklenburg
37119005627,Mecklenburg
37119005709,Mecklenburg
37119005710,Mecklenburg
37119005712,Mecklenburg
37119005713,Mecklenburg
37119005714,Mecklenburg
37119005715,Mecklenburg
37119005716,Mecklenburg
37119005718,Mecklenburg
37119005719,Mecklenburg
37119005720,Mecklenburg
37119005721,Mecklenburg
37119005722,Mecklenburg
37119005723,Mecklenburg
37119005811,Mecklenburg
37119005815,Mecklenburg
37119005816,Mecklenburg
37119005817,Mecklenburg
37119005824,Mecklenburg
37119005826,Mecklenburg
37119005827,Mecklenburg
37119005828,Mecklenburg
37119005829,Mecklenburg
37119005830,Mecklenburg
37119005832,Mecklenburg
37119005833,Mecklenburg
37119005834,Mecklenburg
37119005835,Mecklenburg
37119005836,Mecklenburg
37119005839,Mecklenburg
37119005840,Mecklenburg
37119005843,Mecklenburg
37119005845,Mecklenburg
37119005846,Mecklenburg
37119005847,Mecklenburg
37119005848,Mecklenburg
37119005849,Mecklenburg
37119005850,Mecklenburg
37119005851,Mecklenburg
37119005852,Mecklenburg
37119005853,Mecklenburg
37119005854,Mecklenburg
37119005855,Mecklenburg
37119005856,Mecklenburg
37119005857,Mecklenburg
37119005858,Mecklenburg
37119005859,Mecklenburg
37119005860,Mecklenburg
37119005861,Mecklenburg
37119005862,Mecklenburg
37119005863,Mecklenburg
37119005864,Mecklenburg
37119005865,Mecklenburg
37119005866,Mecklenburg
37119005867,Mecklenburg
37119005868,Mecklenburg
37119005908,Mecklenburg
37119005910,Mecklenburg
37119005913,Mecklenburg
37119005915,Mecklenburg
37119005916,Mecklenburg
37119005918,Mecklenburg
37119005919,Mecklenburg
37119005920,Mecklenburg
37119005921,Mecklenburg
37119005922,Mecklenburg
37119005923,Mecklenburg
37119005924,Mecklenburg
37119005925,Mecklenburg
37119005926,Mecklenburg
37119005927,Mecklenburg
37119005928,Mecklenburg
37119005929,Mecklenburg
37119005930,Mecklenburg
37119005931,Mecklenburg
37119005932,Mecklenburg
37119006005,Mecklenburg
37119006008,Mecklenburg
37119006009,Mecklenburg
37119006011,Mecklenburg
37119006012,Mecklenburg
37119006013,Mecklenburg
37119006014,Mecklenburg
37119006015,Mecklenburg
37119006016,Mecklenburg
37119006103,Mecklenburg
37119006105,Mecklenburg
37119006108,Mecklenburg
37119006109,Mecklenburg
37119006110,Mecklenburg
37119006111,Mecklenburg
37119006112,Mecklenburg
37119006113,Mecklenburg
37119006114,Mecklenburg
37119006115,Mecklenburg
37119006208,Mecklenburg
37119006209,Mecklenburg
37119006210,Mecklenburg
37119006211,Mecklenburg
37119006212,Mecklenburg
37119006214,Mecklenburg
37119006216,Mecklenburg
37119006217,Mecklenburg
37119006218,Mecklenburg
37119006219,Mecklenburg
37119006220,Mecklenburg
37119006221,Mecklenburg
37119006222,Mecklenburg
37119006223,Mecklenburg
37119006224,Mecklenburg
37119006305,Mecklenburg
37119006306,Mecklenburg
37119006307,Mecklenburg
37119006308,Mecklenburg
37119006309,Mecklenburg
37119006310,Mecklenburg
37119006311,Mecklenburg
37119006403,Mecklenburg
37119006404,Mecklenburg
37119006407,Mecklenburg
37119006408,Mecklenburg
37119006409,Mecklenburg
37119006410,Mecklenburg
37119006411,Mecklenburg
37119980100,Mecklenburg
37119980200,Mecklenburg
37119980300,Mecklenburg
37121950100,Mitchell
37121950200,Mitchell
37121950300,Mitchell
37121950400,Mitchell
37123960101,Montgomery
37123960102,Montgomery
37123960201,Montgomery
37123960202,Montgomery
37123960301,Montgomery
37123960302,Montgomery
37123960401,Montgomery
37123960402,Montgomery
37123960501,Montgomery
37123960502,Montgomery
37125950100,Moore
37125950201,Moore
37125950202,Moore
37125950303,Moore
37125950304,Moore
37125950305,Moore
37125950306,Moore
37125950402,Moore
37125950403,Moore
37125950404,Moore
37125950503,Moore
37125950504,Moore
37125950505,Moore
37125950506,Moore
37125950507,Moore
37125950601,Moore
37125950603,Moore
37125950604,Moore
37125950702,Moore
37125950703,Moore
37125950704,Moore
37125950801,Moore
37125950802,Moore
37125950900,Moore
37125951001,Moore
37125951002,Moore
37125951101,Moore
37125951102,Moore
37125951200,Moore
37127010200,Nash
37127010301,Nash
37127010302,Nash
37127010400,Nash
37127010503,Nash
37127010504,Nash
37127010505,Nash
37127010506,Nash
37127010601,Nash
37127010603,Nash
37127010604,Nash
37127010700,Nash
37127010801,Nash
37127010802,Nash
37127010900,Nash
37127011000,Nash
37127011101,Nash
37127011103,Nash
37127011104,Nash
37127011201,Nash
37127011202,Nash
37127011300,Nash
37127011400,Nash
37127011501,Nash
37127011502,Nash
37129010100,New Hanover
37129010200,New Hanover
37129010300,New Hanover
37129010400,New Hanover
37129010501,New Hanover
37129010503,New Hanover
37129010504,New Hanover
37129010600,New Hanover
37129010700,New Hanover
37129010800,New Hanover
37129010900,New Hanover
37129011000,New Hanover
37129011100,New Hanover
37129011200,New Hanover
37129011300,New Hanover
37129011400,New Hanover
37129011501,New Hanover
37129011502,New Hanover
37129011503,New Hanover
37129011504,New Hanover
37129011605,New Hanover
37129011606,New Hanover
37129011608,New Hanover
37129011609,New Hanover
37129011610,New Hanover
37129011611,New Hanover
37129011612,New Hanover
37129011701,New Hanover
37129011703,New Hanover
37129011705,New Hanover
37129011800,New Hanover
37129011904,New Hanover
37129011905,New Hanover
37129011906,New Hanover
37129012004,New Hanover
37129012006,New Hanover
37129012007,New Hanover
37129012008,New Hanover
37129012009,New Hanover
37129012010,New Hanover
37129012011,New Hanover
37129012012,New Hanover
37129012103,New Hanover
37129012106,New Hanover
37129012107,New Hanover
37129012108,New Hanover
37129012109,New Hanover
37129012110,New Hanover
37129012111,New Hanover
37129012201,New Hanover
37129012202,New Hanover
37129012203,New Hanover
37129012300,New Hanover
37129980100,New Hanover
37129990100,New Hanover
37131920101,Northampton
37131920102,Northampton
37131920103,Northampton
37131920201,Northampton
37131920202,Northampton
37131920301,Northampton
37131920302,Northampton
37131920303,Northampton
37131920401,Northampton
37131920402,Northampton
37133000103,Onslow
37133000104,Onslow
37133000105,Onslow
37133000203,Onslow
37133000204,Onslow
37133000205,Onslow
37133000206,Onslow
37133000207,Onslow
37133000303,Onslow
37133000304,Onslow
37133000305,Onslow
37133000306,Onslow
37133000401,Onslow
37133000403,Onslow
37133000404,Onslow
37133000405,Onslow
37133000500,Onslow
37133000600,Onslow
37133000700,Onslow
37133000800,Onslow
37133000901,Onslow
37133000902,Onslow
37133001000,Onslow
37133001101,Onslow
37133001102,Onslow
37133001201,Onslow
37133001202,Onslow
37133001301,Onslow
37133001302,Onslow
37133001303,Onslow
37133001304,Onslow
37133001400,Onslow
37133001500,Onslow
37133001700,Onslow
37133001800,Onslow
37133002100,Onslow
37133002201,Onslow
37133002202,Onslow
37133002300,Onslow
37133002400,Onslow
37133002500,Onslow
37133002600,Onslow
37133002801,Onslow
37133002802,Onslow
37133002803,Onslow
37133990100,Onslow
37135010701,Orange
37135010705,Orange
37135010706,Orange
37135010707,Orange
37135010708,Orange
37135010709,Orange
37135010710,Orange
37135010802,Orange
37135010803,Orange
37135010804,Orange
37135010902,Orange
37135010903,Orange
37135010904,Orange
37135011001,Orange
37135011002,Orange
37135011103,Orange
37135011104,Orange
37135011105,Orange
37135011106,Orange
37135011107,Orange
37135011204,Orange
37135011206,Orange
37135011207,Orange
37135011208,Orange
37135011209,Orange
37135011210,Orange
37135011211,Orange
37135011300,Orange
37135011400,Orange
37135011500,Orange
37135011601,Orange
37135011602,Orange
37135011700,Orange
37135011800,Orange
37135011902,Orange
37135011903,Orange
37135011904,Orange
37135012101,Orange
37135012102,Orange
37135012103,Orange
37135012201,Orange
37135012202,Orange
37137950101,Pamlico
37137950103,Pamlico
37137950104,Pamlico
37137950202,Pamlico
37137950203,Pamlico
37137950204,Pamlico
37137990100,Pamlico
37139960100,Pasquotank
37139960200,Pasquotank
37139960300,Pasquotank
37139960400,Pasquotank
37139960501,Pasquotank
37139960502,Pasquotank
37139960503,Pasquotank
37139960600,Pasquotank
37139960701,Pasquotank
37139960702,Pasquotank
37141920104,Pender
37141920105,Pender
37141920106,Pender
37141920201,Pender
37141920202,Pender
37141920203,Pender
37141920204,Pender
37141920300,Pender
37141920401,Pender
37141920402,Pender
37141920403,Pender
37141920501,Pender
37141920502,Pender
37141920601,Pender
37141920602,Pender
37141990100,Pender
37143920101,Perquimans
37143920102,Perquimans
37143920201,Perquimans
37143920202,Perquimans
37145920100,Person
37145920200,Person
37145920300,Person
37145920400,Person
37145920500,Person
37145920601,Person
37145920602,Person
37147000101,Pitt
37147000102,Pitt
37147000201,Pitt
37147000202,Pitt
37147000301,Pitt
37147000303,Pitt
37147000304,Pitt
37147000400,Pitt
37147000501,Pitt
37147000503,Pitt
37147000504,Pitt
37147000602,Pitt
37147000604,Pitt
37147000605,Pitt
37147000606,Pitt
37147000607,Pitt
37147000701,Pitt
37147000702,Pitt
37147000800,Pitt
37147000901,Pitt
37147000902,Pitt
37147001001,Pitt
37147001002,Pitt
37147001003,Pitt
37147001100,Pitt
37147001200,Pitt
37147001301,Pitt
37147001302,Pitt
37147001304,Pitt
37147001305,Pitt
37147001402,Pitt
37147001403,Pitt
37147001404,Pitt
37147001500,Pitt
37147001601,Pitt
37147001602,Pitt
37147001700,Pitt
37147001800,Pitt
37147001900,Pitt
37147002002,Pitt
37147002003,Pitt
37147002004,Pitt
37149920101,Polk
37149920103,Polk
37149920104,Polk
37149920201,Polk
37149920202,Polk
37149920301,Polk
37149920303,Polk
37149920304,Polk
37151030100,Randolph
37151030201,Randolph
37151030202,Randolph
37151030301,Randolph
37151030302,Randolph
37151030400,Randolph
37151030502,Randolph
37151030503,Randolph
37151030504,Randolph
37151030600,Randolph
37151030700,Randolph
37151030803,Randolph
37151030804,Randolph
37151030805,Randolph
37151030806,Randolph
37151030900,Randolph
37151031001,Randolph
37151031002,Randolph
37151031101,Randolph
37151031102,Randolph
37151031200,Randolph
37151031303,Randolph
37151031304,Randolph
37151031305,Randolph
37151031307,Randolph
37151031308,Randolph
37151031401,Randolph
37151031402,Randolph
37151031501,Randolph
37151031503,Randolph
37151031504,Randolph
37151031505,Randolph
37151031601,Randolph
37151031602,Randolph
37153970100,Richmond
37153970200,Richmond
37153970300,Richmond
37153970400,Richmond
37153970500,Richmond
37153970600,Richmond
37153970700,Richmond
37153970800,Richmond
37153970900,Richmond
37153971000,Richmond
37153971100,Richmond
37155960101,Robeson
37155960102,Robeson
37155960202,Robeson
37155960203,Robeson
37155960204,Robeson
37155960301,Robeson
37155960302,Robeson
37155960402,Robeson
37155960403,Robeson
37155960404,Robeson
37155960501,Robeson
37155960502,Robeson
37155960503,Robeson
37155960601,Robeson
37155960602,Robeson
37155960701,Robeson
37155960702,Robeson
37155960801,Robeson
37155960802,Robeson
37155960900,Robeson
37155961000,Robeson
37155961100,Robeson
37155961200,Robeson
37155961301,Robeson
37155961302,Robeson
37155961400,Robeson
37155961500,Robeson
37155961601,Robeson
37155961602,Robeson
37155961700,Robeson
37155961801,Robeson
37155961802,Robeson
37155961900,Robeson
37155962001,Robeson
37155962002,Robeson
37157040101,Rockingham
37157040102,Rockingham
37157040200,Rockingham
37157040300,Rockingham
37157040400,Rockingham
37157040501,Rockingham
37157040502,Rockingham
37157040601,Rockingham
37157040602,Rockingham
37157040700,Rockingham
37157040800,Rockingham
37157040900,Rockingham
37157041001,Rockingham
37157041002,Rockingham
37157041100,Rockingham
37157041200,Rockingham
37157041300,Rockingham
37157041400,Rockingham
37157041501,Rockingham
37157041502,Rockingham
37157041601,Rockingham
37157041602,Rockingham
37159050201,Rowan
37159050202,Rowan
37159050300,Rowan
37159050400,Rowan
37159050500,Rowan
37159050700,Rowan
37159050800,Rowan
37159050901,Rowan
37159050903,Rowan
37159050904,Rowan
37159051001,Rowan
37159051002,Rowan
37159051101,Rowan
37159051102,Rowan
37159051201,Rowan
37159051202,Rowan
37159051204,Rowan
37159051301,Rowan
37159051302,Rowan
37159051303,Rowan
37159051400,Rowan
37159051501,Rowan
37159051502,Rowan
37159051600,Rowan
37159051700,Rowan
37159051801,Rowan
37159051802,Rowan
37159051901,Rowan
37159051903,Rowan
37159051904,Rowan
37159052000,Rowan
37161960101,Rutherford
37161960102,Rutherford
37161960103,Rutherford
37161960201,Rutherford
37161960202,Rutherford
37161960203,Rutherford
37161960301,Rutherford
37161960302,Rutherford
37161960400,Rutherford
37161960501,Rutherford
37161960502,Rutherford
37161960503,Rutherford
37161960600,Rutherford
37161960700,Rutherford
37161960800,Rutherford
37161960900,Rutherford
37161961001,Rutherford
37161961002,Rutherford
37161961102,Rutherford
37161961103,Rutherford
37161961104,Rutherford
37161961200,Rutherford
37163970101,Sampson
37163970102,Sampson
37163970201,Sampson
37163970202,Sampson
37163970302,Sampson
37163970303,Sampson
37163970304,Sampson
37163970401,Sampson
37163970402,Sampson
37163970501,Sampson
37163970502,Sampson
37163970600,Sampson
37163970701,Sampson
37163970702,Sampson
37163970801,Sampson
37163970802,Sampson
37163970900,Sampson
37163971001,Sampson
37163971002,Sampson
37163971003,Sampson
37165010101,Scotland
37165010102,Scotland
37165010200,Scotland
37165010300,Scotland
37165010400,Scotland
37165010501,Scotland
37165010502,Scotland
37165010601,Scotland
37165010602,Scotland
37167930101,Stanly
37167930102,Stanly
37167930200,Stanly
37167930300,Stanly
37167930500,Stanly
37167930700,Stanly
37167930801,Stanly
37167930802,Stanly
37167930901,Stanly
37167930902,Stanly
37167931001,Stanly
37167931002,Stanly
37167931101,Stanly
37167931102,Stanly
37167931202,Stanly
37167931203,Stanly
37167931204,Stanly
37169070101,Stokes
37169070102,Stokes
37169070200,Stokes
37169070301,Stokes
37169070302,Stokes
37169070400,Stokes
37169070503,Stokes
37169070504,Stokes
37169070505,Stokes
37169070506,Stokes
37169070600,Stokes
37169070701,Stokes
37169070702,Stokes
37171930101,Surry
37171930102,Surry
37171930201,Surry
37171930202,Surry
37171930301,Surry
37171930302,Surry
37171930400,Surry
37171930501,Surry
37171930502,Surry
37171930600,Surry
37171930700,Surry
37171930802,Surry
37171930803,Surry
37171930804,Surry
37171930901,Surry
37171930902,Surry
37171931001,Surry
37171931002,Surry
37171931003,Surry
37171931101,Surry
37171931102,Surry
37171931103,Surry
37171931200,Surry
37173940100,Swain
37173960200,Swain
37173960301,Swain
37173960302,Swain
37173980200,Swain
37175960100,Transylvania
37175960201,Transylvania
37175960202,Transylvania
37175960301,Transylvania
37175960302,Transylvania
37175960401,Transylvania
37175960403,Transylvania
37175960404,Transylvania
37175960501,Transylvania
37175960502,Transylvania
37175960601,Transylvania
37175960602,Transylvania
37177960100,Tyrrell
37179020100,Union
37179020203,Union
37179020204,Union
37179020205,Union
37179020206,Union
37179020305,Union
37179020307,Union
37179020308,Union
37179020309,Union
37179020310,Union
37179020312,Union
37179020313,Union
37179020314,Union
37179020315,Union
37179020316,Union
37179020317,Union
37179020318,Union
37179020319,Union
37179020320,Union
37179020321,Union
37179020401,Union
37179020403,Union
37179020405,Union
37179020406,Union
37179020501,Union
37179020502,Union
37179020601,Union
37179020602,Union
37179020701,Union
37179020702,Union
37179020800,Union
37179020901,Union
37179020902,Union
37179021004,Union
37179021005,Union
37179021006,Union
37179021007,Union
37179021009,Union
37179021012,Union
37179021013,Union
37179021014,Union
37179021015,Union
37179021016,Union
37179021017,Union
37179021018,Union
37179021019,Union
37179021020,Union
37179021021,Union
37181960100,Vance
37181960200,Vance
37181960300,Vance
37181960400,Vance
37181960500,Vance
37181960600,Vance
37181960700,Vance
37181960800,Vance
37181960901,Vance
37181960902,Vance
37181960903,Vance
37181961000,Vance
37183050100,Wake
37183050300,Wake
37183050400,Wake
37183050500,Wake
37183050600,Wake
37183050700,Wake
37183050800,Wake
37183050900,Wake
37183051000,Wake
37183051101,Wake
37183051102,Wake
37183051200,Wake
37183051400,Wake
37183051501,Wake
37183051502,Wake
37183051600,Wake
37183051700,Wake
37183051800,Wake
37183051900,Wake
37183052001,Wake
37183052002,Wake
37183052101,Wake
37183052102,Wake
37183052303,Wake
37183052304,Wake
37183052305,Wake
37183052306,Wake
37183052307,Wake
37183052401,Wake
37183052404,Wake
37183052407,Wake
37183052408,Wake
37183052409,Wake
37183052410,Wake
37183052411,Wake
37183052504,Wake
37183052505,Wake
37183052506,Wake
37183052507,Wake
37183052508,Wake
37183052509,Wake
37183052601,Wake
37183052602,Wake
37183052603,Wake
37183052701,Wake
37183052704,Wake
37183052705,Wake
37183052706,Wake
37183052707,Wake
37183052801,Wake
37183052802,Wake
37183052807,Wake
37183052809,Wake
37183052810,Wake
37183052811,Wake
37183052812,Wake
37183052813,Wake
37183052814,Wake
37183052815,Wake
37183052816,Wake
37183052901,Wake
37183052902,Wake
37183052903,Wake
37183052905,Wake
37183052906,Wake
37183053003,Wake
37183053004,Wake
37183053005,Wake
37183053006,Wake
37183053007,Wake
37183053009,Wake
37183053010,Wake
37183053011,Wake
37183053105,Wake
37183053106,Wake
37183053109,Wake
37183053110,Wake
37183053111,Wake
37183053112,Wake
37183053113,Wake
37183053114,Wake
37183053115,Wake
37183053202,Wake
37183053203,Wake
37183053204,Wake
37183053205,Wake
37183053206,Wake
37183053208,Wake
37183053209,Wake
37183053210,Wake
37183053211,Wake
37183053405,Wake
37183053408,Wake
37183053409,Wake
37183053410,Wake
37183053411,Wake
37183053415,Wake
37183053417,Wake
37183053419,Wake
37183053421,Wake
37183053422,Wake
37183053423,Wake
37183053424,Wake
37183053425,Wake
37183053426,Wake
37183053427,Wake
37183053428,Wake
37183053429,Wake
37183053430,Wake
37183053431,Wake
37183053432,Wake
37183053433,Wake
37183053434,Wake
37183053435,Wake
37183053436,Wake
37183053505,Wake
37183053506,Wake
37183053507,Wake
37183053509,Wake
37183053512,Wake
37183053513,Wake
37183053516,Wake
37183053517,Wake
37183053518,Wake
37183053519,Wake
37183053520,Wake
37183053521,Wake
37183053522,Wake
37183053523,Wake
37183053524,Wake
37183053525,Wake
37183053603,Wake
37183053604,Wake
37183053608,Wake
37183053609,Wake
37183053611,Wake
37183053612,Wake
37183053613,Wake
37183053614,Wake
37183053615,Wake
37183053616,Wake
37183053617,Wake
37183053618,Wake
37183053619,Wake
37183053620,Wake
37183053711,Wake
37183053712,Wake
37183053713,Wake
37183053714,Wake
37183053715,Wake
37183053716,Wake
37183053717,Wake
37183053718,Wake
37183053719,Wake
37183053720,Wake
37183053721,Wake
37183053722,Wake
37183053723,Wake
37183053724,Wake
37183053725,Wake
37183053726,Wake
37183053727,Wake
37183053728,Wake
37183053729,Wake
37183053730,Wake
37183053803,Wake
37183053804,Wake
37183053805,Wake
37183053806,Wake
37183053807,Wake
37183053808,Wake
37183053901,Wake
37183053902,Wake
37183054001,Wake
37183054004,Wake
37183054006,Wake
37183054007,Wake
37183054008,Wake
37183054011,Wake
37183054012,Wake
37183054015,Wake
37183054016,Wake
37183054017,Wake
37183054018,Wake
37183054019,Wake
37183054020,Wake
37183054021,Wake
37183054022,Wake
37183054023,Wake
37183054106,Wake
37183054108,Wake
37183054109,Wake
37183054111,Wake
37183054112,Wake
37183054113,Wake
37183054114,Wake
37183054115,Wake
37183054116,Wake
37183054117,Wake
37183054118,Wake
37183054119,Wake
37183054120,Wake
37183054121,Wake
37183054203,Wake
37183054204,Wake
37183054206,Wake
37183054212,Wake
37183054213,Wake
37183054214,Wake
37183054215,Wake
37183054216,Wake
37183054217,Wake
37183054218,Wake
37183054219,Wake
37183054220,Wake
37183054221,Wake
37183054222,Wake
37183054223,Wake
37183054224,Wake
37183054303,Wake
37183054304,Wake
37183054305,Wake
37183054306,Wake
37183054402,Wake
37183054403,Wake
37183054404,Wake
37183054501,Wake
37183054502,Wake
37183980100,Wake
37183980200,Wake
37185950101,Warren
37185950102,Warren
37185950103,Warren
37185950201,Warren
37185950202,Warren
37185950300,Warren
37185950400,Warren
37187950100,Washington
37187950201,Washington
37187950202,Washington
37187950300,Washington
37189920100,Watauga
37189920200,Watauga
37189920300,Watauga
37189920400,Watauga
37189920500,Watauga
37189920601,Watauga
37189920602,Watauga
37189920701,Watauga
37189920702,Watauga
37189920703,Watauga
37189920800,Watauga
37189920900,Watauga
37189921000,Watauga
37191000102,Wayne
37191000103,Wayne
37191000104,Wayne
37191000200,Wayne
37191000302,Wayne
37191000303,Wayne
37191000304,Wayne
37191000401,Wayne
37191000402,Wayne
37191000500,Wayne
37191000601,Wayne
37191000603,Wayne
37191000604,Wayne
37191000700,Wayne
37191000800,Wayne
37191000901,Wayne
37191000902,Wayne
37191001000,Wayne
37191001102,Wayne
37191001103,Wayne
37191001104,Wayne
37191001200,Wayne
37191001301,Wayne
37191001302,Wayne
37191001401,Wayne
37191001402,Wayne
37191001500,Wayne
37191001800,Wayne
37191001900,Wayne
37191002000,Wayne
37193960101,Wilkes
37193960102,Wilkes
37193960200,Wilkes
37193960300,Wilkes
37193960401,Wilkes
37193960402,Wilkes
37193960500,Wilkes
37193960600,Wilkes
37193960700,Wilkes
37193960801,Wilkes
37193960802,Wilkes
37193960901,Wilkes
37193960902,Wilkes
37193961001,Wilkes
37193961002,Wilkes
37193961100,Wilkes
37193961201,Wilkes
37193961202,Wilkes
37195000100,Wilson
37195000200,Wilson
37195000300,Wilson
37195000401,Wilson
37195000402,Wilson
37195000501,Wilson
37195000502,Wilson
37195000601,Wilson
37195000602,Wilson
37195000701,Wilson
37195000702,Wilson
37195000801,Wilson
37195000802,Wilson
37195000900,Wilson
37195001000,Wilson
37195001100,Wilson
37195001200,Wilson
37195001301,Wilson
37195001302,Wilson
37195001401,Wilson
37195001402,Wilson
37195001501,Wilson
37195001502,Wilson
37195001600,Wilson
37195001700,Wilson
37197050101,Yadkin
37197050102,Yadkin
37197050200,Yadkin
37197050300,Yadkin
37197050401,Yadkin
37197050402,Yadkin
37197050502,Yadkin
37197050503,Yadkin
37197050504,Yadkin
37199960101,Yancey
37199960102,Yancey
37199960200,Yancey
37199960300,Yancey
37199960400,Yancey
